1994年中国香港经典喜剧动作片《赌神2》蓝光国粤双语中字,https://www.dytt89.com/i/107416.html
2022年美国惊悚片《不露声色》BD中英双字,https://www.dytt89.com/i/107415.html
2023年美国喜剧爱情片《你们这些人》BD中英双字,https://www.dytt89.com/i/107414.html
2022年中国香港喜剧爱情片《还是觉得你最好》HD国粤双语中字,https://www.dytt89.com/i/107164.html
2023年国产喜剧奇幻片《暴走财神4》HD国语中字,https://www.dytt89.com/i/107411.html
2023年国产6.4分喜剧片《东北告别天团2》HD国语中字,https://www.dytt89.com/i/107410.html
1989年中国香港经典喜剧片《赌神》蓝光国粤双语中字,https://www.dytt89.com/i/107408.html
2023年国产奇幻冒险片《御龙修仙传3上古战场》HD国语中字,https://www.dytt89.com/i/107407.html
2023年国产奇幻片《大鱼3汉江鱼怪》HD国语中字,https://www.dytt89.com/i/107406.html
2023年国产动作犯罪片《狙击之王：暗杀》HD国语中字,https://www.dytt89.com/i/107405.html
2022年国产喜剧片《绝望主夫》HD国语中字,https://www.dytt89.com/i/107402.html
2023年国产动作犯罪片《追龙番外篇之龙争虎斗》HD双语中字,https://www.dytt89.com/i/107401.html
2023年印度动作片《危情任务》BD中字,https://www.dytt89.com/i/107400.html
2022年美国惊悚恐怖片《恶魔的光火》BD中英双字,https://www.dytt89.com/i/107028.html
